{"screen":[{"frame":{"action":"drag","asset":"bg_small_window.png","bounds":[0,0,408,108],"box":[0,0,408,81]}},{"button":{"action":"exit","bounds":[14,8,14,14],"image_disabled":"btn_mac_disabled.png","image_down":"btn_mac_red_pressed.png","image_hover":"btn_mac_red_hover.png","image_up":"btn_mac_red_normal.png","state":2}},{"button":{"action":"minimize","bounds":[30,8,14,14],"image_disabled":"btn_mac_disabled.png","image_down":"btn_mac_yellow_pressed.png","image_hover":"btn_mac_yellow_hover.png","image_up":"btn_mac_yellow_normal.png","state":2}},{"progress":{"bar_range":[6,6,350,10],"bounds":[23,48,362,22],"id":"bootstrap_progress","image_progress_empty":"progressbar_small_empty.png","image_progress_full":"progressbar_small_full.png","percent":0}},{"label":{"bounds":[31,29,350,100],"color":[1,1,1,0.72],"face":"Noto Sans","id":"bootstrap_text","size":14,"weight":400}}]}