{"screen":[{"frame":{"action":"drag","asset":"install_back.png","bounds":[0,0,738,468],"box":[0,0,738,81]}},{"image":{"asset":"{PRODUCT_ART}","bounds":[9,4,220,449]}},{"button":{"action":"exit","bounds":[14,8,14,14],"image_disabled":"btn_mac_disabled.png","image_down":"btn_mac_red_pressed.png","image_hover":"btn_mac_red_hover.png","image_up":"btn_mac_red_normal.png","state":2}},{"button":{"action":"minimize","bounds":[30,8,14,14],"image_disabled":"btn_mac_disabled.png","image_down":"btn_mac_yellow_pressed.png","image_hover":"btn_mac_yellow_hover.png","image_up":"btn_mac_yellow_normal.png","state":2}},{"label":{"bounds":[260,35,425,100],"color":[1,1,1,1],"face":"Object Sans","id":"install_header","size":20,"text":"{Install_Header}","weight":700}},{"label":{"bounds":[261,181,450,20],"color":[1,1,1,0.72],"face":"Noto Sans","id":"install_zone_text","size":14,"weight":400}},{"progress":{"bar_range":[6,6,439,10],"bounds":[255,202,451,22],"id":"install_progress","image_progress_empty":"progressbar_large_empty.png","image_progress_full":"progressbar_large_full.png"}},{"button":{"action":"exit","bounds":[254,403,92,36],"face":"Object Sans","image_disabled":"btn_secondary_small_disabled.png","image_disabled_focused":"btn_secondary_small_disabled_focused.png","image_down":"btn_secondary_small_down.png","image_focused":"btn_secondary_small_over.png","image_hover":"btn_secondary_small_over.png","image_up":"btn_secondary_small_normal.png","size":14,"state":2,"tab_order":1,"text":"{Btn_Cancel}","text_color_disabled":[1.0,1.0,1.0,0.48],"text_color_disabled_focused":[1.0,1.0,1.0,0.48],"text_color_down":[1.0,1.0,1.0,0.6],"text_color_focused":[1.0,1.0,1.0,1.0],"text_color_hover":[1.0,1.0,1.0,1.0],"text_color_up":[1.0,1.0,1.0,1.0],"weight":700}}]}